{
  "repository": "VLLM 0.10.1",
  "indexing": {
    "time": 6.00562047958374,
    "chunks": 20946,
    "vocabulary": 44389
  },
  "search": {
    "queries": 5,
    "avg_time": 0.09518890380859375
  },
  "answers": {
    "count": 2,
    "avg_time": 17.25942361354828
  }
}